link,title
/sfc/npo/5445388389.html,Case Manager -- Critical Care (Bilingual Cantonese)
/sfc/npo/5445360784.html,Case Manager -- Critical Care (Masters Degree)
/sfc/npo/5445351157.html,Box Office Ticket Sales/Telephone Rep at San Francisco Opera
/sfc/npo/5445340551.html,San Francisco Bicycle Coalition - Hiring Membership Assistant
/sfc/npo/5445330959.html,Facilties Director - Supportive Housing
/sfc/npo/5445293263.html,Case Managers ($20.18 M-F 9am-5pm)
/sfc/npo/5445291381.html,Associate Director of OPERATIONS - Supportive Housing
/sfc/npo/5445290600.html,Support Service Managers
/sfc/npo/5445284777.html,Clinical Case Manager- AJANI
/sfc/npo/5445268126.html,Property Manager - Supportive Housing
/sfc/npo/5445212696.html,LGBTQQ Youth Center Seeks Data and Evaluation Manager
/sfc/npo/5445147927.html,"Vice President, Association Services"
/sfc/npo/5445101130.html,Weekend Program Monitor - Stanford Hotel
/sfc/npo/5445094934.html,Digital Strategist
/sfc/npo/5445043598.html,After School Site Coordinator
/sfc/npo/5444966467.html,Quality Assurance Specialist (Residential)
/sfc/npo/5444962562.html,QUALITY SPECIALIST - NON-RESIDENTIAL PROGRAMS
/sfc/npo/5444961789.html,SUPERVISOR QUALITY ASSURANCE SAN FRANCISCO
/sfc/npo/5444777822.html,PHP Website Developer Wanted
/sfc/npo/5444772362.html,AV and Lighting Technicians Wanted
/sfc/npo/5444769409.html,Office Admin/ Phone Order
/sfc/npo/5444767105.html,Phone Order
/sfc/npo/5444764551.html,A/V TECHNICIANS WANTED
/sfc/npo/5444762851.html,LIGHTING TECHNICIANS WANTED
/sfc/npo/5444761759.html,LEAD AV TECHNICIANS WANTED
/sfc/npo/5444607780.html,Inclusion Support Specialist
/sfc/npo/5444252872.html,Case Manager
/sfc/npo/5444213517.html,Employment Specialist
/sfc/npo/5444183406.html,Administrative Assistant
/sfc/npo/5444159546.html,Become an Activist - GET PAID TO SAVE THE TREES!
/sfc/npo/5444076992.html,Employment and Training Coordinator
/sfc/npo/5444065958.html,Relief Case Managers (Part Time) several positions needed
/sfc/npo/5444062960.html,Customer Relations Specialist
/sfc/npo/5444056527.html,Job Coach
/sfc/npo/5444050873.html,Community Integration Specialist ***14.20/hour***
/sfc/npo/5444048058.html,Program Director
/sfc/npo/5443995432.html,Case Manager/Family Liaison for Friends Outside (SAN QUENTIN)
/sfc/npo/5443976935.html,Social Worker
/sfc/npo/5443772717.html,Assistant Lobby Services Supervisor
/sfc/npo/5443743010.html,Stewardship Writer / Coordinator Opportunity
/sfc/npo/5443494165.html,Assistant Aquatics Program Manager
/sfc/npo/5443468308.html,Counselor - Progress Foundation
/sfc/npo/5443407929.html,Director of External Affairs and Policy
/sfc/npo/5442762447.html,LGBTQQ Youth Center Seeks Reception and Office Assistant
/sfc/npo/5442726904.html,Direct Support Professional for Adults with Disabilities
/sfc/npo/5442725807.html,Fun After School Program Assistant
/sfc/npo/5442717223.html,River Program Manager
/sfc/npo/5442664013.html,Administrative Assistant
/sfc/npo/5442652110.html,Program Assistant -- Full Time
/sfc/npo/5442632227.html,Maintenance Technician
/sfc/npo/5442631037.html,Family Advocate
/sfc/npo/5442627696.html,Maintenance Supervisor
/sfc/npo/5442622909.html,Assistant Manager
/sfc/npo/5442618632.html,LGBTQQ Youth Center Seeks Finance Manager
/sfc/npo/5442576953.html,Job Developer
/sfc/npo/5442567914.html,Streetside Stories Part-Time Teaching Artist
/sfc/npo/5442394649.html,Edgewood Center for Children & Families Employment Opportunities
/sfc/npo/5442381044.html,Porter
/sfc/npo/5442376268.html,Housing Program Manager
/sfc/npo/5442275951.html,Chinese Speaking Staff Attorney
/sfc/npo/5442241804.html,GRANTS MANAGER -- Full Time -- 40 hrs/week -- Position #A20
/sfc/npo/5442149227.html,Senior Desk Clerk
/sfc/npo/5442131896.html,Development Associate - Outward Bound California
/sfc/npo/5442130752.html,Operations Manager: Korean American Community Foundation of SF
/sfc/npo/5442126673.html,Nursery Coordinator
/sfc/npo/5442108503.html,Medical Respite Worker - On Call
/sfc/npo/5442104417.html,Program Coordinator
/sfc/npo/5442101583.html,Janitor II
/sfc/npo/5442095851.html,Temporary Maintenance Coordinator
/sfc/npo/5442030250.html,Bilingual HIV Prevention Specialist
/sfc/npo/5441996553.html,Parent Organizer
/sfc/npo/5441988886.html,"Supervisor, Reservations Office"
/sfc/npo/5441885029.html,Hiring Now--Save California's Forests AND get PAID!
/sfc/npo/5441842974.html,Entry Level Brand Ambassador ($400 - $800 paid weekly)
/sfc/npo/5441222144.html,Clinician - Therapeutic Behavioral Services (TBS)
/sfc/npo/5441170058.html,House Keeper/Caregiver Part Time
/sfc/npo/5441164731.html,Mental Health Clinician
/sfc/npo/5441160699.html,Become an Activist - GET PAID TO SAVE THE TREES!
/sfc/npo/5441077235.html,Bilingual Mental Health Clinician - SF
/sfc/npo/5441073918.html,Bilingual Peer Parent
/sfc/npo/5440999110.html,Corporate Relations Coordinator
/sfc/npo/5440950560.html,Human Resource Coordinator- Recruitment
/sfc/npo/5440929000.html,YMCA After School Enrichment Instructor
/sfc/npo/5440896610.html,Project Manager - Special Project and Contracts
/sfc/npo/5440834836.html,Property Supervisor
/sfc/npo/5440829877.html,Property Manager
/sfc/npo/5440821751.html,Therapist
/sfc/npo/5440817528.html,Occupancy Specialist
/sfc/npo/5440803822.html,Maintenance Lead
/sfc/npo/5440795095.html,Resident Services Supervisor
/sfc/npo/5440750667.html,Resident Services Coordinator
/sfc/npo/5440708919.html,Resident Services Assistant
/sfc/npo/5440689229.html,Community Organizer
/sfc/npo/5440531389.html,Children's Activities Program Assistant
/sfc/npo/5440516734.html,Program Assistant
/sfc/npo/5440487688.html,"Manager, Public Programs Volunteers"
/sfc/npo/5439780445.html,Become an Activist - GET PAID TO SAVE THE TREES!
/sfc/npo/5439658571.html,Wraparound Supervisor - Support youth mental health programs!
/sfc/npo/5439655470.html,Accountant
/sfc/npo/5439633417.html,Bilingual Behavioral Coach - Work with Youth in the Community!
/sfc/npo/5439627908.html,Family Support Specialist
/sfc/npo/5439624379.html,Family Support Specialist - Bilingual (English/Spanish)
/sfc/npo/5439622053.html,Senior Leadership Giving Officer at San Francisco Opera
/sfc/npo/5439606494.html,Director - Behavioral Health
/sfc/npo/5439596312.html,Direct Support Professional for Adults with Disabilities
/sfc/npo/5439493088.html,San Francisco LGBT Pride Gate Donation Partners - Associate Manager
/sfc/npo/5439448201.html,Supportive Employment Services Manager
/sfc/npo/5439197621.html,"Director, Infrastructure"
/sfc/npo/5439180970.html,Receptionist
/sfc/npo/5439105129.html,Residential Counselor - Day Shifts
/sfc/npo/5439100209.html,Residential Counselor - Over Night 30 hours p/w
/sfc/npo/5439087344.html,Tenderloin Healthy Corner Store Coalition Food Project Coordinator
/sfc/npo/5439082659.html,Communications Associate
/sfc/npo/5439073287.html,Activists & Canvassers Wanted! ($400 - $800 paid weekly)
/sfc/npo/5439072124.html,Executive Assistant
/sfc/npo/5439036349.html,OUTREACH PROGRAM - NEED 6 TEAM MEMBERS ASAP!
/sfc/npo/5438962845.html,Relief Residential Counselor (On-Call)
/sfc/npo/5438955658.html,Residential Counselor - Agency Floater - Swing Shift
/sfc/npo/5438952204.html,Residential Counselor - Swing Shift
/sfc/npo/5438948687.html,Certified Substance Abuse Counselor/MFTi/ASW
/sfc/npo/5437980426.html,Administrative Program Coordinator
/sfc/npo/5436365862.html,Exciting Opportunity on Progressive Campaign
/sfc/npo/5435608848.html,Shift Coordinator - Overnight
/sfc/npo/5435596646.html,On-Call Residential Counselors
/sfc/npo/5435560543.html,Urban Agriculture Supervisor
/sfc/npo/5435557237.html,Social Worker II
/sfc/npo/5435550444.html,Community Planner - Temporary
/sfc/npo/5435532394.html,Retention Case Manager
/sfc/npo/5435528757.html,Bilingual Case Manager - Housing Specialist
/sfc/npo/5435517406.html,Spanish speaking case manager
/sfc/npo/5435508980.html,Bilingual Mobile Counselor - Support Foster Youth!
/sfc/npo/5435499855.html,Animal Trainer and Behavior Associate @ San Francisco SPCA
/sfc/npo/5435491749.html,Ceramics Studio Assistant
/sfc/npo/5435437297.html,SUPERVISOR QUALITY ASSURANCE SAN FRANCISCO
/sfc/npo/5435374508.html,Community Organizer - Code Enforcement Outreach Program $20.00 hourly
/sfc/npo/5435373069.html,DESK CLERKS - $14.24/hour Supportive Housing
/sfc/npo/5435367880.html,Housing Planning Specialist - Transitional Housing Program
/sfc/npo/5435366974.html,Associate Director of Support Services
/sfc/npo/5435339198.html,Part Time Weekend Residential Counselor 7a-10p
/sfc/npo/5435334800.html,Full Time Residential Counselor M-F 1p-10p
/sfc/npo/5435328568.html,Development Manager for Non-Profit Performing Arts Organization
/sfc/npo/5435305260.html,Occupancy Coordinator
/sfc/npo/5435204103.html,Development Manager
/sfc/npo/5435188932.html,Assistant Director -- Shrader House
/sfc/npo/5435076594.html,Staff Accountant (Full-Time -- Exempt)
/sfc/npo/5435074089.html,Development Manager
/sfc/npo/5435003085.html,Relief Counselor - Progress Foundation San Francisco
/sfc/npo/5434978396.html,Associate Procurement Officer
/sfc/npo/5434835280.html,Program Assistant
/sfc/npo/5434802538.html,Solutions Desk Clerk
/sfc/npo/5434671171.html,Administrative Assistant
/sfc/npo/5434257788.html,Hiring Now--Save California's Forests AND get PAID!
/sfc/npo/5434232216.html,Office Admin - Rum Runner
/sfc/npo/5434122154.html,Boys & Girls Clubs of San Francisco - Van Driver
/sfc/npo/5434090766.html,Boys & Girls Clubs of San Francisco - Facilities Manager
/sfc/npo/5434072923.html,LGBTQQ Youth Center Seeks Program Coordinator
/sfc/npo/5434059372.html,Boys & Girls Clubs of San Francisco - Administrative Coordinator
/sfc/npo/5434044546.html,Administrative Assistant
/sfc/npo/5434039767.html,SF Ballet Major Gifts Associate
/sfc/npo/5434027054.html,Food & Fund Drives Manager
/sfc/npo/5434004564.html,Job Coach
/sfc/npo/5433843396.html,Communications Associate
/sfc/npo/5433749838.html,Peer Counselor/Job Coach -- Food Services - 15 hours per week.
/sfc/npo/5433739501.html,BEHAVIORAL HEALTH SPECIALIST-Full Time-ST16
/sfc/npo/5433727500.html,CF- Speech & Language Pathologist (Bi-lingual Spanish)
/sfc/npo/5433651472.html,Staff Attorney
/sfc/npo/5433571304.html,Counselor - Progress Foundation
/sfc/npo/5433565507.html,Executive Assistant/Human Resources Coordinator
/sfc/npo/5433548289.html,Support Services Supervisor
/sfc/npo/5433539272.html,Sign Language Teacher
/sfc/npo/5433535106.html,Home Detention Case Worker
/sfc/npo/5433518255.html,Case Manager - Roving
/sfc/npo/5433516559.html,Intensive Case Manager
/sfc/npo/5433465991.html,Executive Director
/sfc/npo/5433456780.html,Director of Operations
/sfc/npo/5433439746.html,Assistant Director - Dore Residence
/sfc/npo/5433398037.html,Marketing Account Manager
/sfc/npo/5432699553.html,Field Organizer for State Senate Campaign
/sfc/npo/5432588686.html,Vocational Rehabilitation Case Manager
/sfc/npo/5432559104.html,Program/Database Assistant - Family Caregiver Alliance
/sfc/npo/5432552049.html,Housing Coordinator - LSSC
/sfc/npo/5432546698.html,Operations Manager
/sfc/npo/5432541610.html,Development Manager
/sfc/npo/5432537387.html,Staff Registered Nurse- Lyon Martin
/sfc/npo/5432500420.html,Donor Stewardship Coordinator - The Trust for Public Land
/sfc/npo/5432404713.html,Employment Specialist / Job Coach for Developmentally Disabled
/sfc/npo/5432297484.html,Support Services Manager
/sfc/npo/5432278611.html,Integreated Treatment Specialist/Case Manager
/sfc/npo/5432267465.html,Director of External Affairs and Policy
/sfc/npo/5432201079.html,Youth Sports Coaches for Spring Soccer/Baseball
/sfc/npo/5432149645.html,Full-time CNA
/sfc/npo/5432139580.html,Temporary Consumer Rights Attorney
/sfc/npo/5432133320.html,Equal Pay Today! Development Consultant -- Request for Proposals
/sfc/npo/5432000769.html,Activists & Canvassers Wanted! ($400 - $800 paid weekly)
/sfc/npo/5431874697.html,Housing Placement Specialist - SF
/sfc/npo/5431831048.html,Middle School General Enrichment Lead
/sfc/npo/5431824557.html,Middle School Dance Lead
/sfc/npo/5431819554.html,After School Recreation Teacher K-5
/sfc/npo/5431792714.html,Assistant Volunteer Coordinator
/sfc/npo/5431726043.html,Become an Activist - GET PAID TO SAVE THE TREES!
/sfc/npo/5431104836.html,Assistant Director of Employment Training
/sfc/npo/5431082002.html,Development Assistant
/sfc/npo/5431054997.html,Director - Behavioral Health
/sfc/npo/5430961710.html,"ASSISTANT MANAGER, FRONTLINE at the Exploratorium"
/sfc/npo/5430903416.html,Content Marketing Intern
/sfc/npo/5430885360.html,Staff Accountant
/sfc/npo/5430877697.html,FT/PT Homeless Shelter Monitors - Dolores Shelter Program
/sfc/npo/5430860878.html,Edgewood Center for Children & Families Employment Opportunities
/sfc/npo/5430710837.html,Director of Advancement
/sfc/npo/5430696515.html,Salesforce Administrator
/sfc/npo/5430627066.html,Tides: Senior Accountant
/sfc/npo/5430618259.html,Clinician - Therapeutic Behavioral Services (TBS)
/sfc/npo/5430506287.html,Tides: Senior Accounting Specialist
/sfc/npo/5430476967.html,TAY Vocational Services Coordinator
/sfc/npo/5430451245.html,Chief Program Officer
/sfc/npo/5430369518.html,Resident Services Coordinator/Administrative Associate
/sfc/npo/5430225829.html,Lead Cook
/sfc/npo/5429536127.html,Afterschool Program Leader
/sfc/npo/5429518172.html,Wraparound Supervisor - Support youth mental health programs!
/sfc/npo/5429501334.html,Bilingual Behavioral Coach - Work with Youth in the Community!
/sfc/npo/5429358218.html,Shift Coordinator - Overnight
/sfc/npo/5429351473.html,Capacity-Building Contract: Sustainability & Integration of Immigratio
/sfc/npo/5429340801.html,Hiring Now--Save California's Forests AND get PAID!
/sfc/npo/5429295940.html,Program Assistant
/sfc/npo/5429238284.html,Wellness Residential Counselor
/sfc/npo/5429223457.html,Family Teaching Couple (House Parents)
/sfc/npo/5429186560.html,Summer Gymnastics Camp Coordinator
/sfc/npo/5429032091.html,Manager of Events and Corporate Partnerships
/sfc/npo/5428934126.html,On Call Program Aid
/sfc/npo/5428932352.html,Director of Communications
/sfc/npo/5428848152.html,Care Coordinator-Women's Hope
/sfc/npo/5428833419.html,Director of Asset Manager
/sfc/npo/5428778381.html,Relief Residential Counselor (On-Call)
/sfc/npo/5428777634.html,Residential Counselor - Agency Floater - Swing Shift
/sfc/npo/5428776581.html,Residential Counselor - Swing Shift
/sfc/npo/5428640448.html,Activists & Canvassers Wanted! ($400 - $800 paid weekly)
/sfc/npo/5426960109.html,A Living Library Assistant Program Manager & Assistant Lead Teacher
/sfc/npo/5426574092.html,Internship
/sfc/npo/5425454743.html,Bi-lingual Computer Instructor - Chinese
/sfc/npo/5425373480.html,CalFresh Community Partnerships Coordinator- (Cantonese speaker)
/sfc/npo/5425370699.html,PROGRAM COORDINATOR(Cantonese speaker)
/sfc/npo/5425355824.html,Volunteer Manager
/sfc/npo/5425350975.html,Special Events Manager
/sfc/npo/5425327760.html,TRAINING SPECIALIST -- BAY AREA ACADEMY 16-858
/sfc/npo/5425327154.html,Administrative Assistant (Dogpatch)
/sfc/npo/5425316875.html,Temporary Cook
/sfc/npo/5425295462.html,Medical Assistant/Phlebotomist-THS
/sfc/npo/5425277601.html,Director of Network Operations
/sfc/npo/5425277158.html,Social Worker - Temporary
/sfc/npo/5425243182.html,Bilingual Mobile Counselor - Support Foster Youth!
/sfc/npo/5425240358.html,Bilingual Case Manager (Spanish) -- Housing Connections
/sfc/npo/5425237910.html,Quality Assurance Specialist (Residential)
/sfc/npo/5425237284.html,QUALITY SPECIALIST - NON-RESIDENTIAL PROGRAMS
/sfc/npo/5425236544.html,SUPERVISOR QUALITY ASSURANCE SAN FRANCISCO
/sfc/npo/5425221903.html,On-Call Residential Counselors
/sfc/npo/5425210564.html,Residential Counselor -- Swing or Overnight shifts
/sfc/npo/5425199927.html,Program Assistant
/sfc/npo/5425139632.html,Experienced Walk Manager Needed for National Nonprofit
/sfc/npo/5425132627.html,Case Management Coordinator
/sfc/npo/5425128361.html,Case Manager - Housing Connections
/sfc/npo/5425103843.html,Housing Clerk
/sfc/npo/5425089574.html,Supportive Housing Manager
/sfc/npo/5425014368.html,Seeking a hands on Director of Children and Family Services
/sfc/npo/5424955076.html,Behavioral Health Counselor/Trainer
/sfc/npo/5424935303.html,Seeking a Major Gifts Officer
/sfc/npo/5424925614.html,Seeking a hands on Manager of Community Education
/sfc/npo/5424789104.html,CPMC-Volunteer Coordinator-Pacific Campus
/sfc/npo/5424714502.html,Community Organizer - Code Enforcement Outreach Program $20.00 hourly
/sfc/npo/5424698299.html,Associate Director of OPERATIONS - Supportive Housing
/sfc/npo/5424697413.html,Support Service Managers
/sfc/npo/5424696600.html,Case Managers ($20.18 M-F 9am-5pm)
/sfc/npo/5424693813.html,Housing Counselor - Supportive Housing
/sfc/npo/5424614372.html,Lead Cook
/sfc/npo/5424581827.html,Middle School General Enrichment Lead
/sfc/npo/5424576163.html,Dance Instructor
/sfc/npo/5424571968.html,Director of Auxiliary Services
/sfc/npo/5424567734.html,After School Recreation Teacher K-5
/sfc/npo/5424562601.html,Technology Assitant
/sfc/npo/5423935809.html,A Living Library Assistant Program Manager & Assistant Lead Teacher
/sfc/npo/5423895876.html,Become an Activist - GET PAID TO SAVE THE TREES!
/sfc/npo/5423807685.html,Development Officer
/sfc/npo/5423771872.html,Program Associate
/sfc/npo/5423744804.html,Donor Records Administrator
/sfc/npo/5423731594.html,PHP WEBSITE DEVELOPER WANTED
/sfc/npo/5423729537.html,Mission counselor/organizer
/sfc/npo/5423727066.html,LEAD AV TECHNICIANS WANTED
/sfc/npo/5423726245.html,LIGHTING TECHNICIANS WANTED
/sfc/npo/5423725671.html,A/V TECHNICIANS WANTED
/sfc/npo/5423694848.html,Anti-Eviction Organizer
/sfc/npo/5423650280.html,VISTA Employment Policy Assistant
/sfc/npo/5423573714.html,Health Educator/Trainer
/sfc/npo/5423423651.html,Overnight Residential Counselors
/sfc/npo/5423401990.html,creative music education program seeks marketing & comms manager
/sfc/npo/5423266986.html,Research: Native Speakers of European Minority and Regional Languages
/sfc/npo/5423245866.html,Counselor - Progress Foundation
/sfc/npo/5423231464.html,DESK CLERKS - $14.24/hour Supportive Housing
/sfc/npo/5422796950.html,Research: Native Speakers of Languages of the Philippines Needed
/sfc/npo/5422534342.html,"DIRECTOR OF DONOR AND COMMUNITY ENGAGEMENT, JDC"
/sfc/npo/5422350404.html,Temporary Staffing Recruiter
/sfc/npo/5422299272.html,Animal and Client Care Associate -- Bilingual required
/sfc/npo/5422207744.html,Employment Counselor
/sfc/npo/5422182105.html,Special Assistant
/sfc/npo/5422150453.html,Family & Community Partnership Manager
/sfc/npo/5422146379.html,Enrollment and Recruitment Manager
/sfc/npo/5422106303.html,Legal Program Intake Specialist and Receptionist
/sfc/npo/5422047039.html,Native Speakers of South Asian Languages Needed for Research Project
/sfc/npo/5421886192.html,Bilingual Domestic Violence Liaison-Domestic Violence Program
/sfc/npo/5421821358.html,Community Integration Specialist -- ASL Required ***$14.20/hour***
/sfc/npo/5421815862.html,Case Manager-Sisters
/sfc/npo/5421814364.html,San Francisco Ballet looking for awesome Sales Agents
/sfc/npo/5421785998.html,Special Events Intern
/sfc/npo/5421768000.html,Marketing Assistant
/sfc/npo/5421733056.html,Admissions Assistant
/sfc/npo/5421586196.html,Wellness Coordinator
/sfc/npo/5420875804.html,TEMPORARY PROGRAM ASSISTANT
/sfc/npo/5420865258.html,Job Developer / Intake Specialist
/sfc/npo/5420825329.html,Director of Facilities and Office Services
/sfc/npo/5420817735.html,Program Warehouse Coordinator- Bay Area
/sfc/npo/5420796220.html,Direct Service Professional (Temporary Full-time thru mid- April 2016)
/sfc/npo/5420792629.html,Staff Accountant II - Properties & Real Estate Development
/sfc/npo/5420768371.html,Clinician - Therapeutic Behavioral Services (TBS)
/sfc/npo/5420753778.html,Project Coordinator (Mayor's Youth Employment & Education Program
/sfc/npo/5420745454.html,Associate Director of Property Management
/sfc/npo/5420705083.html,Operations Manager
/sfc/npo/5420662893.html,SOCIAL WORK MANAGER - HOLT INTERNATIONAL CHILDREN'S SVCS
/sfc/npo/5420645530.html,"High School Educational Advisor, AACE TS Program"
/sfc/npo/5420460936.html,Performing Arts School Receptionist
/sfc/npo/5420329409.html,Edgewood Center for Children & Families Employment Opportunities
/sfc/npo/5420183165.html,Early Childhood Education (ECE) Career Pathways Coordinator
/sfc/npo/5420166155.html,Desk Clerk
/sfc/npo/5420148678.html,BILINGUAL (CANTONESE SPEAKING) SOCIAL WORKER- EARLY START
/sfc/npo/5420089146.html,Family Case Manager - Homeless Prenatal Program
/sfc/npo/5419997750.html,Coordinator - Office of the President
/sfc/npo/5419554788.html,"Development Director, part time"
/sfc/npo/5419294355.html,Director - Behavioral Health
/sfc/npo/5419262992.html,Property Manager
/sfc/npo/5419238165.html,Opprotunities at Larkin Street Youth Services
/sfc/npo/5419227953.html,Residential Counselor - Larkin Street Youth Services
/sfc/npo/5419216780.html,Wraparound Supervisor - Support youth mental health programs!
/sfc/npo/5419210503.html,Bilingual Behavioral Coach - Work with Youth in the Community!
/sfc/npo/5419196717.html,Middle School General Enrichment Lead
/sfc/npo/5419140888.html,Dance Instructor
/sfc/npo/5419137458.html,Technology Assistant
/sfc/npo/5419048497.html,International Exchange Coordinator
/sfc/npo/5418801538.html,Social Worker (Bilingual in English & Cantonese)
/sfc/npo/5418642443.html,Major Gifts Officer for Save the Redwoods League
/sfc/npo/5418577952.html,Human Resources Temp - Progress Foundation
/sfc/npo/5418489718.html,Relief Residential Counselor (On-Call)
/sfc/npo/5418487930.html,Residential Counselor - Agency Floater - Swing Shift
/sfc/npo/5418483149.html,Residential Counselor - Swing Shift
/sfc/npo/5416085935.html,Teacher's Assistant (childcare)
/sfc/npo/5415291031.html,Bilingual Mobile Counselor - Support Foster Youth!
/sfc/npo/5415240047.html,Substitute Peer Service Advocate -- TSHC / Shelter / Sixth Street
/sfc/npo/5415230784.html,Development Administrative Manager
/sfc/npo/5415223058.html,Education Department Coordinator (Asian Art Museum)
/sfc/npo/5415204752.html,Peer Service Advocate (BILINGUAL SPANISH/ENGLISH) -- Shelter
/sfc/npo/5415191715.html,Residential Counselor -- Swing Shift
/sfc/npo/5415190595.html,Children's Program Assistant (PT)
/sfc/npo/5415188424.html,Program Assistant
/sfc/npo/5415184859.html,On-Call Residential Counselors
/sfc/npo/5415172184.html,Part-Time Program Monitor
/sfc/npo/5415171888.html,Salesforce Administrator
/sfc/npo/5415169246.html,Part-Time Program Monitor
/sfc/npo/5415164525.html,Job Coach
/sfc/npo/5415156165.html,Program Monitor
/sfc/npo/5415130714.html,Teacher
/sfc/npo/5415123586.html,Food Service Manager
/sfc/npo/5415069435.html,Onsite Case Manager (CASC)
/sfc/npo/5415063965.html,Psychiatrist-HAFC
/sfc/npo/5415051942.html,Social Worker II
/sfc/npo/5415036824.html,Bilingual Case Manager (Spanish) - Housing Connections
/sfc/npo/5415031299.html,Case Manager - Housing Connections
/sfc/npo/5415028318.html,Case Management Coordinator
/sfc/npo/5414931246.html,Property Manager - Supportive Housing
/sfc/npo/5414929550.html,Associate Director of Support Services
/sfc/npo/5414927991.html,Housing Planning Specialist - Transitional Housing Program
/sfc/npo/5414925839.html,Property Management - ASSOCIATE DIRECTOR - Supportive Housing
/sfc/npo/5414878348.html,Student Advocate
/sfc/npo/5414868557.html,Administrative Assistant -- Full Time
/sfc/npo/5414763909.html,Cameo House Residential Support Staff (Counselors)
/sfc/npo/5414756300.html,WRAP-AROUND REHAB COUNSELOR
/sfc/npo/5414670281.html,LEAD AV TECHNICIANS WANTED
/sfc/npo/5414668728.html,LIGHTING TECHNICIANS WANTED
/sfc/npo/5414660550.html,A/V TECHNICIANS WANTED
/sfc/npo/5414651580.html,Case Manager/Patient Navigator
/sfc/npo/5414591226.html,Counselor - Progress Foundation
/sfc/npo/5414530523.html,IT Quality Assurance Analyst
/sfc/npo/5414124382.html,Champss Program Coordinator
/sfc/npo/5414068347.html,Activity and Social Work Assistant
/sfc/npo/5413809596.html,Early Childhood Parenting Education Coordinator
/sfc/npo/5413808936.html,Residential Counselor
/sfc/npo/5413807823.html,Infant-Toddler Teacher
/sfc/npo/5413774254.html,Vocational /Mental Health Rehabilitation Specialist
/sfc/npo/5413763079.html,Clincal Case Manager- ACT
/sfc/npo/5413709772.html,SOCIAL WORKER - TEMPORARY
/sfc/npo/5413698812.html,Case Manager (Spanish Bilingual)
/sfc/npo/5413670394.html,Chief Program Officer
/sfc/npo/5413646891.html,2 Bilingual Openings: Family Subsidy Specialist (Bilingual Cantonese)
/sfc/npo/5413618328.html,Development Director
/sfc/npo/5413595670.html,Lifeguard/Swim Instructor
/sfc/npo/5413594630.html,Direct a Campaign Office for Environmental Change!
/sfc/npo/5413460189.html,PROGRAM COORDINATOR(Cantonese speaker)
/sfc/npo/5413446012.html,CalFresh Community Partnerships Coordinator- (Cantonese speaker)
/sfc/npo/5413369120.html,DESK CLERKS - $14.24/hour Supportive Housing
/sfc/npo/5413343759.html,SF Office Manager & Recruiter
/sfc/npo/5413309918.html,Spanish Speaking Staff Attorney
/sfc/npo/5413293032.html,Middle School General Enrichment Lead
/sfc/npo/5413289729.html,Middle School Dance Lead
/sfc/npo/5413285585.html,Afterschool Recreation Teacher K-5
/sfc/npo/5413206170.html,MENTAL HEALTH CLINICIAN
/sfc/npo/5413186048.html,SUPERVISOR QUALITY ASSURANCE SAN FRANCISCO
/sfc/npo/5413185294.html,BILINGUAL MENTAL HEALTH CLINICIAN
/sfc/npo/5413184664.html,QUALITY SPECIALIST - NON-RESIDENTIAL PROGRAMS
/sfc/npo/5413180202.html,Quality Assurance Specialist (Residential)
/sfc/npo/5413141445.html,Delivery Driver Position at Project Open Hand
/sfc/npo/5413133097.html,Family Service Center Warehouse Worker
/sfc/npo/5413133041.html,Assistant Program Manager & Assistant Lead Teacher
/sfc/npo/5413124896.html,Activists & Canvassers Wanted! ($400 - $800 paid weekly)
/sfc/npo/5413069585.html,"**Community Living Careers--SF, San Mateo, & East Bay**"
/sfc/npo/5413064271.html,Senior Academic Case Manager
/sfc/npo/5413035330.html,Community Living Facilitator
/sfc/npo/5412882383.html,Part Time Walk Coordinator
/sfc/npo/5412338089.html,Resident Services Coordinator
/sfc/npo/5412272043.html,Development Officer
/sfc/npo/5412248073.html,Sr. Project Manager - Affordable Housing
/sfc/npo/5412239717.html,Sr. Asset Manager - Affordable Housing
/sfc/npo/5412206136.html,Spanish speaking geriatric case manager
/sfc/npo/5412185334.html,Boys & Girls Clubs of San Francisco - Middle School Coordinator
/sfc/npo/5412120848.html,Program Director - Dore Residence
/sfc/npo/5412073939.html,Family Resource Center Manager
/sfc/npo/5412067435.html,Family Consultant - Family Caregiver Alliance
/sfc/npo/5411796796.html,Permanency Social Worker
/sfc/npo/5411781265.html,"Vice President, Business Development"
/sfc/npo/5411779555.html,Patient Care Coordinator-Lyon Martin
/sfc/npo/5411728486.html,Teacher (preschoolers/toddlers)
/sfc/npo/5411657061.html,CLIENT ADVOCATE (Bilingual English/Spanish; Part-time - 19 hours/week)
/sfc/npo/5411632567.html,Executive Assistant
/sfc/npo/5411547617.html,Middle School General Enrichment Lead
/sfc/npo/5411544011.html,Middle School Dance Lead
/sfc/npo/5411539791.html,Technology Assistant
/sfc/npo/5411475270.html,Bilingual Rental Assistance Case Manager
/sfc/npo/5411046106.html,Become an Activist - GET PAID TO SAVE THE TREES!
